{
  "2024-11-02": [
    {
      "description": "joooooooooo",
      "startTime": 7,
      "endTime": 7,
      "color": "#fdf2ef",
      "borderColor": "#ec643c"
    },
    {
      "description": "joooooooooo",
      "startTime": 8,
      "endTime": 8,
      "color": "#fdf2ef",
      "borderColor": "#ec643c"
    },
    {
      "description": "lé",
      "startTime": 9,
      "endTime": 9,
      "color": "#fdf2ef",
      "borderColor": "#ec643c"
    },
    {
      "description": "d",
      "startTime": 1,
      "endTime": 1,
      "color": "#fdf2ef",
      "borderColor": "#ec643c"
    }
  ],
  "2024-10-28": [
    {
      "description": "k",
      "startTime": 4,
      "endTime": 4,
      "color": "#fdf2ef",
      "borderColor": "#ec643c"
    },
    {
      "description": "k",
      "startTime": 1,
      "endTime": 1,
      "color": "#fdf2ef",
      "borderColor": "#ec643c"
    }
  ],
  "2024-10-30": [
    {
      "description": "asd",
      "startTime": 3,
      "endTime": 3,
      "color": "#f7fff6",
      "borderColor": "#7eb174"
    },
    {
      "description": "asd",
      "startTime": 5,
      "endTime": 7,
      "color": "#f7fff6",
      "borderColor": "#7eb174"
    },
    {
      "description": "d",
      "startTime": 1,
      "endTime": 1,
      "color": "#f7fff6",
      "borderColor": "#7eb174"
    }
  ],
  "2024-11-03": [
    {
      "description": "lé",
      "startTime": 9,
      "endTime": 9,
      "color": "#f7fff6",
      "borderColor": "#7eb174"
    },
    {
      "description": "asd",
      "startTime": 5,
      "endTime": 5,
      "color": "#f5f0fe",
      "borderColor": "#946be2"
    },
    {
      "description": "asdd",
      "startTime": 1,
      "endTime": 1,
      "color": "#f5f0fe",
      "borderColor": "#946be2"
    }
  ],
  "2024-11-01": [
    {
      "description": "a",
      "startTime": 2,
      "color": "#f5f0fe",
      "borderColor": "#946be2"
    },
    {
      "description": "asdd",
      "startTime": 1,
      "endTime": 1,
      "color": "#f5f0fe",
      "borderColor": "#946be2"
    }
  ],
  "2024-10-29": [
    {
      "description": "asd",
      "startTime": 1,
      "endTime": 1,
      "color": "#f5f0fe",
      "borderColor": "#946be2"
    }
  ],
  "2024-10-31": [
    {
      "description": "asdd",
      "startTime": 1,
      "endTime": 1,
      "color": "#f5f0fe",
      "borderColor": "#946be2"
    }
  ],
  "2024-11-04": [
    {
      "description": "a",
      "startTime": 1,
      "endTime": 1,
      "color": "#f7fff6",
      "borderColor": "#7eb174"
    },
    {
      "description": "d",
      "startTime": 2,
      "endTime": 2,
      "color": "#f7fff6",
      "borderColor": "#7eb174"
    },
    {
      "description": "e",
      "startTime": 4,
      "endTime": 4,
      "color": "#f5f0fe",
      "borderColor": "#946be2"
    },
    {
      "description": "asd",
      "startTime": 3,
      "endTime": 3,
      "color": "#269a58",
      "borderColor": "#969cb4"
    },
    {
      "description": "dg",
      "startTime": 6,
      "endTime": 6,
      "color": "#1c6c39",
      "borderColor": "#b7bc5"
    }
  ],
  "2024-11-05": [
    {
      "description": "c",
      "startTime": 1,
      "endTime": 1,
      "color": "#f5f0fe",
      "borderColor": "#946be2"
    },
    {
      "description": "b",
      "startTime": 2,
      "endTime": 2,
      "color": "#f7fff6",
      "borderColor": "#7eb174"
    }
  ],
  "2024-11-07": [
    {
      "description": "f",
      "startTime": 1,
      "endTime": 1,
      "color": "#fdf2ef",
      "borderColor": "#ec643c"
    }
  ]
}