{
  "2024-10-28": [
    {
      "description": "2",
      "startTime": 7,
      "endTime": 8,
      "color": "#bf42f7",
      "borderColor": "#9863a2"
    }
  ],
  "2024-10-29": [
    {
      "description": "2",
      "startTime": 7,
      "endTime": 8,
      "color": "#59f624",
      "borderColor": "#50adae"
    }
  ],
  "2024-11-01": [
    {
      "description": "2",
      "startTime": 7,
      "endTime": 8,
      "color": "#8f7cc6",
      "borderColor": "#d732e5"
    }
  ],
  "2024-11-02": [
    {
      "description": "2",
      "startTime": 10,
      "endTime": 12,
      "color": "#99f2fa",
      "borderColor": "#bb28c7"
    },
    {
      "description": "asd",
      "startTime": 7,
      "endTime": 10,
      "color": "#e5d8e8",
      "borderColor": "#b765e6"
    }
  ]
}