[{"studentId":"6718-191-9364","firstName":"Karry","lastName":"Kelbie","course":"Information Technology","address":"871 Cambridge Hill","rfidBadgeNumber":"VQ RM RF MA","imagePic":null},
{"studentId":"0817-246-4953","firstName":"Whitman","lastName":"Flux","course":"BS. Education","address":"84553 Dawn Park","rfidBadgeNumber":"YB CN LP KM","imagePic":null},
{"studentId":"0314-410-0602","firstName":"Auberon","lastName":"Torres","course":"BS Mathematics","address":"015 Warrior Court","rfidBadgeNumber":"PS XP AJ GM","imagePic":null},
{"studentId":"6533-044-8849","firstName":"Myra","lastName":"Staines","course":"Information Technology","address":"7270 Sommers Pass","rfidBadgeNumber":"AT WH CJ XE","imagePic":null},
{"studentId":"3644-705-6100","firstName":"Loy","lastName":"Bacon","course":"BS Computer Science","address":"3 Daystar Lane","rfidBadgeNumber":"LU JS RM YO","imagePic":null},
{"studentId":"3672-781-7525","firstName":"Jermayne","lastName":"Anfrey","course":"BS Computer Science","address":"9 Grim Lane","rfidBadgeNumber":"KK JX IP XK","imagePic":null},
{"studentId":"0307-405-4912","firstName":"Dell","lastName":"Syde","course":"Information Technology","address":"2 Portage Street","rfidBadgeNumber":"RL HX PY RI","imagePic":null},
{"studentId":"4115-458-4629","firstName":"Brande","lastName":"Grumley","course":"Information Technology","address":"5 Northview Plaza","rfidBadgeNumber":"EG KG RU VN","imagePic":null},
{"studentId":"5057-252-9381","firstName":"Moll","lastName":"Popworth","course":"Information Technology","address":"2957 Farwell Hill","rfidBadgeNumber":"SA RH LR AX","imagePic":null},
{"studentId":"1953-484-3282","firstName":"Cammy","lastName":"Heales","course":"BS. Education","address":"09 Anthes Pass","rfidBadgeNumber":"EZ EN BR XJ","imagePic":null},
{"studentId":"8069-235-9819","firstName":"Bekki","lastName":"Phlippsen","course":"Electrical Engineering","address":"42 Northview Circle","rfidBadgeNumber":"CO SY HE JL","imagePic":null},
{"studentId":"3427-000-7683","firstName":"Blinny","lastName":"Moncreiffe","course":"Fine Arts","address":"0 Ridgeway Avenue","rfidBadgeNumber":"ZX VP YK JI","imagePic":null},
{"studentId":"2098-560-3066","firstName":"Blake","lastName":"Rawcliff","course":"Electrical Engineering","address":"2362 Holy Cross Lane","rfidBadgeNumber":"XM YP TP VT","imagePic":null},
{"studentId":"6240-071-8685","firstName":"Debbi","lastName":"Hugk","course":"Fine Arts","address":"85210 Maple Circle","rfidBadgeNumber":"AK BD UL KZ","imagePic":null},
{"studentId":"1354-752-8825","firstName":"Pedro","lastName":"Tucknott","course":"BS Mathematics","address":"653 Waxwing Crossing","rfidBadgeNumber":"PG SX BE GR","imagePic":null},
{"studentId":"8006-861-8319","firstName":"Merna","lastName":"Harrigan","course":"BS Mathematics","address":"893 Derek Court","rfidBadgeNumber":"OS RL PS EM","imagePic":null},
{"studentId":"2708-055-4004","firstName":"Joyann","lastName":"Hanford","course":"Information Technology","address":"43 Dryden Circle","rfidBadgeNumber":"RV AM BW OF","imagePic":null},
{"studentId":"0955-721-0750","firstName":"Alica","lastName":"Fairbrother","course":"Electrical Engineering","address":"2671 Macpherson Way","rfidBadgeNumber":"TW YK NE KC","imagePic":null},
{"studentId":"3801-505-6066","firstName":"Nap","lastName":"Sorrill","course":"Mass Communication","address":"7 Towne Place","rfidBadgeNumber":"CQ ZZ XQ EQ","imagePic":null},
{"studentId":"8005-979-0940","firstName":"Dulcy","lastName":"Wenban","course":"Accounting","address":"3 North Junction","rfidBadgeNumber":"CO MT GC ZI","imagePic":null},
{"studentId":"4921-385-7464","firstName":"Windy","lastName":"Baus","course":"BS. Medicine","address":"869 Declaration Terrace","rfidBadgeNumber":"LY NE QB YN","imagePic":null},
{"studentId":"5973-638-7778","firstName":"Caril","lastName":"Gerretsen","course":"BS. Medicine","address":"81 Huxley Street","rfidBadgeNumber":"SP KS BU ZA","imagePic":null},
{"studentId":"5651-583-4487","firstName":"Cloe","lastName":"Rosengart","course":"BS. Education","address":"327 Monica Lane","rfidBadgeNumber":"NV KG XX CG","imagePic":null},
{"studentId":"6347-108-5112","firstName":"Myrilla","lastName":"Hurne","course":"BS. Education","address":"7 Judy Junction","rfidBadgeNumber":"GE PT II BR","imagePic":null},
{"studentId":"1649-357-7936","firstName":"Cello","lastName":"Dorkins","course":"BS Mathematics","address":"51633 Forest Dale Parkway","rfidBadgeNumber":"QY DK LS NS","imagePic":null},
{"studentId":"3614-741-4935","firstName":"Karin","lastName":"Wegman","course":"BS. Education","address":"6512 Caliangt Circle","rfidBadgeNumber":"XB LY AQ IJ","imagePic":null},
{"studentId":"0584-586-1665","firstName":"Lisette","lastName":"Muzzullo","course":"BS. Medicine","address":"46038 Hauk Point","rfidBadgeNumber":"HF BY XK YL","imagePic":null},
{"studentId":"7188-576-3693","firstName":"Georgeanne","lastName":"Randalston","course":"BS. Education","address":"81 Butternut Plaza","rfidBadgeNumber":"FP UG UK GL","imagePic":null},
{"studentId":"7869-765-0337","firstName":"Aundrea","lastName":"MacAscaidh","course":"Accounting","address":"0 Corry Road","rfidBadgeNumber":"NU WX XB DA","imagePic":null},
{"studentId":"2001-363-7168","firstName":"Hedwig","lastName":"Farress","course":"BS Computer Science","address":"7840 Myrtle Court","rfidBadgeNumber":"PP UY YS EQ","imagePic":null},
{"studentId":"0515-451-2826","firstName":"Dido","lastName":"Gillani","course":"BS. Education","address":"2 Waubesa Alley","rfidBadgeNumber":"MX RE JZ JC","imagePic":null},
{"studentId":"4598-745-8595","firstName":"Rutherford","lastName":"Grouen","course":"Information Technology","address":"0 Michigan Crossing","rfidBadgeNumber":"XB KL QY MU","imagePic":null},
{"studentId":"5659-081-9861","firstName":"Carla","lastName":"Lafferty","course":"BS Computer Science","address":"2 Walton Circle","rfidBadgeNumber":"ZM OV KZ BP","imagePic":null},
{"studentId":"4826-286-7903","firstName":"Meggi","lastName":"Byrch","course":"BS Computer Science","address":"38 Holmberg Junction","rfidBadgeNumber":"KV CV SM DI","imagePic":null},
{"studentId":"8042-758-8671","firstName":"Dorothy","lastName":"Dallon","course":"BS Mathematics","address":"73179 Dunning Crossing","rfidBadgeNumber":"LU TC NP MJ","imagePic":null},
{"studentId":"0928-419-6797","firstName":"Guillaume","lastName":"Drohun","course":"BS. Medicine","address":"6165 Dwight Park","rfidBadgeNumber":"KE MH QQ BF","imagePic":null},
{"studentId":"9300-326-3647","firstName":"Chanda","lastName":"Prendergrast","course":"Mass Communication","address":"3 Holmberg Center","rfidBadgeNumber":"XF OG WA DI","imagePic":null},
{"studentId":"2966-454-0025","firstName":"Jaclin","lastName":"Scolts","course":"Accounting","address":"34 Morrow Point","rfidBadgeNumber":"MJ RJ CT UT","imagePic":null},
{"studentId":"9696-212-1452","firstName":"Karlie","lastName":"Sealy","course":"Electrical Engineering","address":"18 Straubel Lane","rfidBadgeNumber":"KR HI QE EZ","imagePic":null},
{"studentId":"1261-253-4462","firstName":"Hollie","lastName":"Alessandrucci","course":"BS. Medicine","address":"49 Killdeer Way","rfidBadgeNumber":"CD IG MF MF","imagePic":null},
{"studentId":"0037-504-5455","firstName":"Nahum","lastName":"Baylay","course":"BS Computer Science","address":"19 7th Alley","rfidBadgeNumber":"EO RY MQ JG","imagePic":null},
{"studentId":"5201-036-4163","firstName":"Maurine","lastName":"Debill","course":"Accounting","address":"8153 Spenser Drive","rfidBadgeNumber":"TT PG UC OO","imagePic":null},
{"studentId":"2681-143-8644","firstName":"Munmro","lastName":"Jimes","course":"BS. Medicine","address":"96 Sycamore Parkway","rfidBadgeNumber":"MY ZH HO PT","imagePic":null},
{"studentId":"4694-733-2799","firstName":"Madalena","lastName":"Kadar","course":"Fine Arts","address":"248 North Avenue","rfidBadgeNumber":"YA RY ML BE","imagePic":null},
{"studentId":"0894-633-3558","firstName":"Berkie","lastName":"McGroarty","course":"Mass Communication","address":"23 Dryden Circle","rfidBadgeNumber":"FI RO OH UW","imagePic":null},
{"studentId":"8742-398-2888","firstName":"Barret","lastName":"Abby","course":"Fine Arts","address":"47 Eggendart Center","rfidBadgeNumber":"CK HN YQ IV","imagePic":null},
{"studentId":"2177-133-2143","firstName":"Beatriz","lastName":"Leads","course":"Electrical Engineering","address":"497 Nobel Road","rfidBadgeNumber":"CS IS OC QT","imagePic":null},
{"studentId":"6001-166-7049","firstName":"Daniel","lastName":"Asel","course":"Accounting","address":"7 Anderson Parkway","rfidBadgeNumber":"XN ER TM EI","imagePic":null},
{"studentId":"0869-563-9107","firstName":"Lavena","lastName":"Mecchi","course":"BS Computer Science","address":"11052 Logan Alley","rfidBadgeNumber":"CE TY EH OB","imagePic":null},
{"studentId":"7112-492-9441","firstName":"Sherwood","lastName":"Ferrarini","course":"Accounting","address":"11 Northland Trail","rfidBadgeNumber":"NK UP MM ZT","imagePic":null},
{"studentId":"9235-420-2262","firstName":"Beret","lastName":"Casley","course":"Mass Communication","address":"90 Anzinger Parkway","rfidBadgeNumber":"IC QS UR JN","imagePic":null},
{"studentId":"9350-042-0711","firstName":"Giorgia","lastName":"Aspell","course":"Mass Communication","address":"09395 Longview Place","rfidBadgeNumber":"OQ XQ LO EO","imagePic":null},
{"studentId":"5084-864-4582","firstName":"Cob","lastName":"Yarker","course":"BS. Education","address":"7847 Dryden Point","rfidBadgeNumber":"BQ IJ PB LF","imagePic":null}]