{
  "2024-10-22": [
    {
      "description": "szia",
      "startTime": 7,
      "endTime": 8
    }
  ],
  "2024-10-21": [
    {
      "description": "na mizu",
      "startTime": 8,
      "endTime": 17
    },
    {
      "description": "asd",
      "startTime": 13,
      "endTime": 16
    },
    {
      "description": "asd",
      "startTime": 13,
      "endTime": 16
    }
  ],
  "2024-10-25": [
    {
      "description": "é",
      "startTime": 7,
      "endTime": 8
    },
    {
      "description": "asd",
      "startTime": 13,
      "endTime": 16
    },
    {
      "description": "asd2",
      "startTime": 16,
      "endTime": 17
    },
    {
      "description": "asd2",
      "startTime": 11,
      "endTime": 15
    },
    {
      "description": "asd2",
      "startTime": 11,
      "endTime": 16
    }
  ],
  "2024-11-01": [
    {
      "description": "asd2",
      "startTime": 11,
      "endTime": 16
    }
  ],
  "2024-10-24": [
    {
      "description": "ddd",
      "startTime": 7,
      "endTime": 8
    }
  ]
}