-- Insert data into Lockers table
INSERT INTO lockers (status, status_changed_at) VALUES
('closed', '2024-09-19 08:00:00'),
('open', '2024-09-19 09:00:00'),
('closed', '2024-09-19 10:00:00'),
('open', '2024-09-19 11:00:00'),
('closed', '2024-09-19 12:00:00'),
('open', '2024-09-19 13:00:00'),
('closed', '2024-09-19 14:00:00'),
('open', '2024-09-19 15:00:00'),
('closed', '2024-09-19 16:00:00'),
('open', '2024-09-19 17:00:00'),
('closed', '2024-09-19 18:00:00'),
('open', '2024-09-19 19:00:00'),
('closed', '2024-09-19 20:00:00'),
('open', '2024-09-19 21:00:00'),
('closed', '2024-09-19 22:00:00'),
('open', '2024-09-19 23:00:00'),
('closed', '2024-09-20 00:00:00'),
('open', '2024-09-20 01:00:00'),
('closed', '2024-09-20 02:00:00'),
('open', '2024-09-20 03:00:00');

-- Insert data into Students table
INSERT INTO students (student_id, full_name, class, birth_place, birth_date, rfid_tag) VALUES
('OM001', 'Anna Kovacs', '10.A', 'Budapest', '2008-05-01', 'RFID001'),
('OM002', 'Peter Toth', '11.B', 'Szeged', '2007-02-15', 'RFID002'),
('OM003', 'Bence Nagy', '10.C', 'Debrecen', '2008-09-20', 'RFID003'),
('OM004', 'Janos Kiss', '12.A', 'Budapest', '2006-04-10', 'RFID004'),
('OM005', 'Marta Farkas', '11.A', 'Pecs', '2007-03-08', 'RFID005'),
('OM006', 'David Horvath', '9.B', 'Miskolc', '2009-07-23', 'RFID006'),
('OM007', 'Emese Balogh', '10.B', 'Kecskemet', '2008-11-12', 'RFID007'),
('OM008', 'Sofia Molnar', '9.A', 'Győr', '2009-06-06', 'RFID008'),
('OM009', 'Levente Szabo', '11.C', 'Szeged', '2007-01-14', 'RFID009'),
('OM010', 'Zoltan Feher', '12.B', 'Budapest', '2006-12-21', 'RFID010'),
('OM011', 'Katalin Orban', '10.A', 'Debrecen', '2008-08-05', 'RFID011'),
('OM012', 'Daniel Kovacs', '12.C', 'Pecs', '2006-10-30', 'RFID012'),
('OM013', 'Viktor Hegedus', '9.C', 'Miskolc', '2009-05-12', 'RFID013'),
('OM014', 'Eva Nemeth', '11.B', 'Győr', '2007-11-20', 'RFID014'),
('OM015', 'Balazs Pataki', '12.A', 'Kecskemet', '2006-06-15', 'RFID015'),
('OM016', 'Gabor Tamas', '9.A', 'Budapest', '2009-01-29', 'RFID016'),
('OM017', 'Livia Katona', '10.B', 'Debrecen', '2008-04-14', 'RFID017'),
('OM018', 'Csaba Pinter', '11.A', 'Pecs', '2007-09-18', 'RFID018'),
('OM019', 'Veronika Kovacs', '9.B', 'Szeged', '2009-02-07', 'RFID019'),
('OM020', 'Istvan Varga', '12.C', 'Budapest', '2006-07-09', 'RFID020');

-- Insert data into Locker Relationships table
INSERT INTO locker_relationships (rfid_tag, locker_id) VALUES
('RFID001', 1),
('RFID002', 2),
('RFID003', 3),
('RFID004', 4),
('RFID005', 5),
('RFID006', 6),
('RFID007', 7),
('RFID008', 8),
('RFID009', 9),
('RFID010', 10),
('RFID011', 11),
('RFID012', 12),
('RFID013', 13),
('RFID014', 14),
('RFID015', 15),
('RFID016', 16),
('RFID017', 17),
('RFID018', 18),
('RFID019', 19),
('RFID020', 20);

-- Insert data into Subjects table
INSERT INTO subjects (subject_name, teacher_name) VALUES
('Mathematics', 'Istvan Kiss'),
('History', 'Zsuzsa Nagy'),
('Physics', 'Gabor Horvath'),
('Biology', 'Tunde Farkas'),
('Chemistry', 'Peter Kovacs'),
('Geography', 'Eva Molnar'),
('Literature', 'Judit Nemeth'),
('English', 'Anna Szabo'),
('German', 'Ferenc Pinter'),
('Physical Education', 'David Toth'),
('Art', 'Emese Kovacs'),
('Music', 'Zoltan Feher'),
('Computer Science', 'Livia Pataki'),
('Philosophy', 'Miklos Hegedus'),
('Economics', 'Viktor Katona'),
('Sociology', 'Eva Horvath'),
('Drama', 'Katalin Toth'),
('Technology', 'Balazs Nemeth'),
('Ethics', 'Daniel Varga'),
('Psychology', 'Csaba Farkas');

-- Insert data into Timetables table
INSERT INTO timetables (student_id, subject_id, day_of_week, start_time, end_time) VALUES
('OM001', 1, 'Monday', '08:00', '09:00'),
('OM002', 2, 'Monday', '09:00', '10:00'),
('OM003', 3, 'Monday', '10:00', '11:00'),
('OM004', 4, 'Monday', '11:00', '12:00'),
('OM005', 5, 'Tuesday', '08:00', '09:00'),
('OM006', 6, 'Tuesday', '09:00', '10:00'),
('OM007', 7, 'Tuesday', '10:00', '11:00'),
('OM008', 8, 'Tuesday', '11:00', '12:00'),
('OM009', 9, 'Wednesday', '08:00', '09:00'),
('OM010', 10, 'Wednesday', '09:00', '10:00'),
('OM011', 11, 'Wednesday', '10:00', '11:00'),
('OM012', 12, 'Wednesday', '11:00', '12:00'),
('OM013', 13, 'Thursday', '08:00', '09:00'),
('OM014', 14, 'Thursday', '09:00', '10:00'),
('OM015', 15, 'Thursday', '10:00', '11:00'),
('OM016', 16, 'Thursday', '11:00', '12:00'),
('OM017', 17, 'Friday', '08:00', '09:00'),
('OM018', 18, 'Friday', '09:00', '10:00'),
('OM019', 19, 'Friday', '10:00', '11:00'),
('OM020', 20, 'Friday', '11:00', '12:00');
